ticker,name,category,leverage,close,advol20,advol60,liq_ratio,contraction,vdu,ext,ret63,rs,near_high,natr50,adr20,week_perf,rs_pct,tier,score
BWET,Breakwave Tanker Shipping ETF,기타,1.0,873.0,146.08709977401733,104.94906682787578,1.3919809312226754,1.2080429377919095,0.41445959185028974,2.2631672101351947,4.134086300103349,4.109648028572631,0.9958818797277164,4.8867559440187165,10.171725947042987,32.747396836351285,100.0,B,66.1
FETH,Fidelity Ethereum Fund,크립토,1.0,26.549999237060547,62.337456450643536,46.685311542043685,1.3352691540786634,0.9609308348620962,0.7070232403210936,0.8836256089426237,0.4865620565361184,0.46212378500540074,0.5584770451358759,3.2058613926094597,2.9575042841233135,-1.0067131276506935,87.87878787878788,C,81.1
DLLL,GraniteShares 2x Long DELL Daily ETF,기타,2.0,35.41999816894531,67.43166447563172,52.23000812914213,1.2910521535608896,0.9083199793073584,0.6561271573903801,0.3392604552571712,0.5721259249645854,0.27384382671693386,0.8809629667159468,8.713657326159954,9.771735213999499,-0.7008691136341394,60.60606060606061,C,79.8
ETHA,iShares Ethereum Trust ETF,크립토,1.0,20.110000610351562,784.5286459877015,646.1529127518321,1.2141532298392892,0.9682382240919375,0.6514891417790365,0.8683148589323181,0.48413286548160017,0.4596945939508825,0.5579911237373871,3.2435578637963536,3.0199626715367023,-0.9847309741499277,86.36363636363636,C,78.5
ETH,Grayscale Ethereum Staking Mini ETF Shares,크립토,1.0,25.459999084472656,81.99140433265686,62.33677629573822,1.3152974729343256,0.9630598236917146,0.771267459355818,0.8946079479316495,0.491505538350558,0.46706726681984034,0.5678599220333209,3.1977905012298073,2.9688213203350022,-1.0108873865592893,89.39393939393939,C,78.4
ETHE,Grayscale Ethereum Staking ETF Shares,크립토,1.0,21.43000030517578,66.5237803546524,46.29176386448225,1.4370543440383645,0.9644779600717056,0.9369090544262774,0.8779025314109326,0.4779310555293643,0.4534927839986467,0.54717221509574,3.2214751636139836,2.9620263594440033,-0.9704209352848214,84.84848484848484,C,76.6
ETHU,2x Ether ETF,크립토,2.0,29.809999465942383,213.42675931591987,154.41709648093223,1.3821446211577633,1.0367882931225174,0.8649208955381081,0.673012034293885,1.0334242685005663,0.5044929984849243,0.17592210093133095,6.394101774419311,6.189875941189138,-2.390312467914202,95.45454545454545,C,71.7
PTIR,GraniteShares 2x Long PLTR Daily ETF,기타,2.0,21.399999618530273,52.313636178283694,63.17034081035773,0.8281360446563569,0.8823744610018649,0.4299096679194524,1.2638964008151643,0.7803659570335619,0.37796384275142214,0.5247670490219483,6.735088138066998,6.453420444426783,-1.154734431431692,80.3030303030303,C,69.6
FLTW,Franklin FTSE Taiwan ETF,국가/신흥,1.0,112.37000274658203,96.21804465446472,63.96378103979746,1.504258239433955,0.9855814369068564,0.565461617975083,1.9466987004774086,0.08089653459188506,0.05645826306116741,0.995658356715226,2.0995783384484437,1.1925707210403536,0.9885918367052993,31.818181818181817,C,66.4
PLTU,Direxion Daily PLTR Bull 2X ETF,기타,2.0,57.349998474121094,34.71349363969803,70.03808344166755,0.49563740088076186,0.880987311518417,0.26115413733835324,1.2592820657008987,0.7788460139077891,0.3772038711885357,0.4479243709436721,6.804863032868967,6.4858014311580225,-0.9499188899191768,78.78787878787878,C,66.3
FLKR,Franklin FTSE South Korea ETF,국가/신흥,1.0,63.04999923706055,57.481306870746614,46.45008297035853,1.237485558581833,0.8717249791771611,0.9551901372379321,1.1054224550327172,0.010740592457087583,-0.013697679073630065,0.8697751565057351,3.7393186331673793,2.044473752211262,2.770987457573537,9.090909090909092,C,65.2
ARKB,ARK 21Shares Bitcoin ETF,크립토,1.0,27.93000030517578,50.70899707775116,42.382874238554635,1.1964501697627306,1.0080487755117467,0.7159188698906871,1.3072400606127212,0.32181738828627915,0.2973791167555615,0.6651583517201614,2.693647986961277,2.3232373384342697,0.25125518051212214,66.66666666666666,C,64.8
BMNU,T-REX 2X Long BMNR Daily Target ETF,기타,2.0,20.530000686645508,115.52321370290757,76.59791049417002,1.5081770893959334,1.0703615049223125,1.1432653306306175,0.030802346694592926,1.3093363210121263,0.6424490247407043,0.048237782876469563,13.507269701742974,11.796579228267268,-9.678833699502876,98.48484848484848,C,63.8
SMCX,Defiance Daily Target 2X Long SMCI ETF,기타,2.0,15.430000305175781,61.217056032543184,69.04680133544683,0.8866023457789918,0.9850483536052427,0.5725693464705758,1.3508728666843068,1.0289283716603608,0.5022450500648216,0.13483047864382916,11.940014136386731,10.646396925855273,1.1140240743390928,93.93939393939394,C,63.1
MSTX,Defiance Daily Target 2x Long MSTR ETF,기타,2.0,19.81999969482422,142.007587044034,104.77902070340157,1.3553055381765353,1.1920882144736358,0.8828466658126014,1.1376003258075964,1.0121826322068488,0.49387218033806557,0.07300184049659013,12.456818670005864,11.362892218483545,0.7625806708107197,92.42424242424242,C,62.5
BITX,2x Bitcoin ETF,크립토,2.0,19.920000076293945,209.03222789731026,170.40740985257784,1.2266616110070998,1.0667773282383914,0.8424367273279857,1.1473104658157287,0.6422093889825222,0.3088855587259023,0.29722472506800374,5.248535740886237,4.832954948374835,0.4538585624516145,74.24242424242425,C,62.2
CIBR,First Trust NASDAQ Cybersecurity ETF,AI/테크,1.0,104.69999694824219,173.66970349033355,156.31402294738768,1.111030860927861,0.8479370530763053,1.2102767253815898,1.7843863932653712,0.12689691983018414,0.10245864829946649,0.9908204671381532,2.3626382924938634,2.3546227712690992,3.7147103648974333,48.484848484848484,C,62.1
IGV,iShares Expanded Tech-Software Sector ETF,AI/테크,1.0,108.43000030517578,892.4228391854477,1120.2634886437352,0.7966186957194095,0.8637930675170478,0.7239261070540904,1.2044825111874076,0.1438970277234599,0.11945875619274227,0.9207710456708272,2.4459386107330885,2.057224645837419,2.282801735854556,51.515151515151516,C,61.7
FBTC,Fidelity Wise Origin Bitcoin Fund,크립토,1.0,73.33000183105469,259.9971311207962,240.18787456249237,1.0824740074593142,1.0084833362930856,0.7501306970491916,1.3228928394122152,0.3229298471464648,0.29849157561574713,0.6651247331614938,2.706625042286625,2.3433158689384115,0.3832974231342545,69.6969696969697,C,60.6
ARTY,iShares Future AI & Tech ETF,기타,1.0,80.23999786376953,35.14348737045288,33.81867333538055,1.0391740392041438,0.8710462684530645,0.960358763284685,1.864142292533137,0.10752244642732656,0.08308417489660891,0.980329863892904,2.637448799854595,1.6381067109241476,1.1598564958206214,46.96969696969697,C,60.0
BNO,"United States Brent Oil Fund, LP ETV",원자재/에너지,1.0,63.099998474121094,149.50728197559357,109.69435102025349,1.3629442226062232,1.170663098907961,1.1411928356834715,1.233027394490939,0.5798698208247903,0.5554315492940727,0.98624568498888,3.15987645076672,2.8559523997286895,5.783733210376241,96.96969696969697,C,59.3
IBIT,iShares Bitcoin Trust ETF,크립토,1.0,47.72999954223633,2116.4933562959864,1957.7539408130074,1.0810824139713178,1.0110583996873659,0.7270438223215666,1.2946452824857553,0.32142859783151567,0.296990326300798,0.6645781083966789,2.735074807484861,2.3855888424936467,0.3363461182227301,65.15151515151516,C,59.2
BTC,Grayscale Bitcoin Mini Trust (BTC),크립토,1.0,37.25,66.56656575122834,58.28787398323059,1.1420311156035563,1.0074458349199955,0.9664111752071516,1.3094028671238478,0.3218594604897269,0.29742118895900926,0.6656540494893581,2.6929132733512837,2.320281260428203,0.242196321198751,68.18181818181817,C,59.0
BITU,ProShares Ultra Bitcoin ETF,크립토,2.0,15.390000343322754,68.09755149559498,56.808610248117446,1.1987188420588346,1.0589729940575197,0.9294000818588672,1.1104643697266148,0.6234178361249434,0.29948978229711287,0.23897515494837898,5.315860567794095,4.7690800844741865,0.13012659669868754,72.72727272727273,C,58.9
VPL,Vanguard FTSE Pacific ETF,국가/신흥,1.0,118.11000061035156,54.24064200992584,43.9725601913325,1.2335111208880056,0.9610303151417744,0.9879077788499045,0.6879743169377411,0.02490457132752466,0.0004662997968070126,0.9742637741467687,1.7694347493633171,1.10142969069833,0.5876362222501985,13.636363636363635,C,58.3
BITB,Bitwise Bitcoin ETF,크립토,1.0,45.75,43.45641117380142,45.69600166408539,0.9509893555513378,1.0041933349477323,0.6964100664320436,1.334683059465931,0.32301901612145256,0.2985807445907349,0.6655513736073774,2.6872498593476335,2.3098467671911926,0.3949973806917306,71.21212121212122,C,58.1
BSOL,Bitwise Solana Staking ETF,기타,1.0,16.280000686645508,61.72145608362198,44.586647722102796,1.384303580487057,1.0824274554578504,1.0742283649865438,1.7900490606194284,0.45878144348009786,0.4343431719493802,0.6120300922246074,3.527411452306578,3.542045956260642,-3.0375235322958716,83.33333333333334,C,58.1
GBTC,Grayscale Bitcoin Trust (BTC),크립토,1.0,65.11000061035156,111.44195317474366,104.8009036569023,1.0633682467050365,1.0079285111824277,0.8338963091511977,1.295753970146637,0.31801616597608295,0.2935778944453653,0.6568805367854649,2.7067565663443984,2.3387681631163337,0.3235733120729112,63.63636363636363,C,58.0
SKYY,First Trust Cloud Computing ETF,AI/테크,1.0,168.13999938964844,31.69616691970825,39.57409266652425,0.8009322459215864,0.9370300349473542,0.6607727885912508,1.3401550098474069,0.22230301231307537,0.19786474078235772,0.9896992171034958,2.203345389599964,1.8743507551335803,2.101048620204393,56.060606060606055,C,56.9
ARKK,ARK Innovation ETF,AI/테크,1.0,89.83000183105469,393.5284537266922,390.8295531389491,1.006905569361546,0.9346517931744229,0.8624722240069691,1.0126658152273251,0.07439302924646851,0.049954757715750864,0.9695628748151014,2.6506337905114323,2.101138748283149,-1.0355787669664052,27.27272727272727,C,54.7
MSTU,T-Rex 2X Long MSTR Daily Target ETF,기타,2.0,43.15999984741211,240.38029130446435,237.0974857632669,1.0138458049465577,1.1872859212463982,0.6666955458758729,1.1486039544742284,1.0074418533680052,0.49150179091864377,0.0730287645472286,12.460467335923259,11.355566420837814,0.7469647378254951,90.9090909090909,C,54.7
IEMG,iShares Core MSCI Emerging Markets ETF,국가/신흥,1.0,82.36000061035156,1083.354553948059,902.5185969950613,1.200368122668155,0.9152002015322162,1.1535808049405192,0.25134497939575945,0.004390251345750773,-0.020048020184966875,0.9522488454685462,1.725518012807761,1.0074667881637023,-0.23016648622909974,4.545454545454546,C,54.4
ARKG,ARK Genomic Revolution ETF,바이오/헬스,1.0,54.0,199.0145001398468,166.31733363843918,1.1965950618982908,1.0273518793943393,0.8977166262704751,2.0307070694263127,0.2393849065464828,0.21494663501576516,0.9764918760398585,3.021635497742583,3.4364905397303636,1.1993991422936334,59.09090909090909,C,53.7
UCO,ProShares Ultra Bloomberg Crude Oil,원자재/에너지,2.0,54.43000030517578,144.19570427553177,128.48007295202254,1.1223196014947612,1.083443255115988,0.9884351757328278,1.1647221713328348,0.661984742142772,0.3187732353060272,0.991981070980971,3.834363553457038,3.196075604323667,4.834364839657801,75.75757575757575,C,53.2
FNGU,MicroSectors FANG+ 3X Leveraged ETNs,기타,3.0,34.86000061035156,86.29018024421691,110.66033537156105,0.7797751557003947,0.9762394849103843,0.6861348951149863,0.8155655963354446,0.27272732337213124,0.0827630172804712,0.9477977642015023,4.431629045634186,3.6963577514417256,-2.4076164080675033,45.45454545454545,C,52.4
IGM,iShares Expanded Tech Sector ETF,기타,1.0,172.02999877929688,53.22165453971863,50.7057679884847,1.0496173640798674,0.9273128577527233,0.8219847404753254,2.4302191573402316,0.07754466242472624,0.05310639089400859,0.9931874147633998,1.7824488592420122,1.1513464313316568,1.2060260638220965,28.78787878787879,C,51.9
FDN,First Trust DJ Internet Index Fund,AI/테크,1.0,291.75,49.785384341430664,71.69270571421306,0.6944274713230795,0.9116113114286403,0.7450091315574029,0.39133073297958637,0.07871777422746096,0.05427950269674331,0.975752508361204,1.6610560180047302,1.2461354140151482,0.04801435323578129,30.303030303030305,C,51.8
EWY,iShares MSCI South Korea ETF,지수/광범위,1.0,191.8800048828125,2465.6745923002622,3105.8189424208067,0.7938887095518875,0.8712573980544279,0.7696839447254112,1.0402588671776989,0.010692645320169225,-0.013745626210548423,0.8686676871429453,3.903494739368675,2.211625450856558,2.5109586445877463,7.575757575757576,C,51.7
ESGE,iShares ESG Aware MSCI EM ETF,지수/광범위,1.0,54.93000030517578,39.896547732448575,37.677068949133556,1.0589079470675242,0.9015995713528151,1.1665362287906695,0.31310648856941387,0.016281241083012654,-0.008157030447704994,0.9618280461937057,1.7515367674621647,1.0028734756002189,-0.3627802631317678,12.121212121212121,C,51.5
DFAE,Dimensional Emerging Core Equity Market ETF,국가/신흥,1.0,39.86000061035156,35.38106977617264,38.98283974597931,0.9076062700081217,0.9019044954674486,0.7117833138027553,0.08832723604732819,0.0010045433408816251,-0.023433728189836023,0.9454235258639121,1.7239328432653234,0.9703740824898777,-0.20029549100666344,3.0303030303030303,C,51.4
MSFU,Direxion Daily MSFT Bull 2X ETF,기타,2.0,40.0,99.83091617120743,148.24596424300827,0.6734140567062065,1.0263230135568593,0.6548883199975509,1.2123168769475057,0.6849199825462333,0.33024085550775784,0.6792324743516829,4.158697849076244,4.12551219648285,0.4520349235441534,77.27272727272727,C,50.9
IYW,iShares U.S. Technology ETF,AI/테크,1.0,269.69000244140625,144.76440656356812,132.4805963075002,1.0927215803554808,0.9576202624368743,0.9605178390649446,2.6218158279740296,0.09014108535824228,0.06570281382752463,0.9916896132959006,1.7061269814708828,1.1602430851249235,1.34150285199226,37.878787878787875,C,50.0
VOX,Vanguard Communication Services  ETF,기타,1.0,190.17999267578125,64.8620218158722,53.14580249702453,1.2204542742487259,0.9844039607913115,0.9444835326833517,-0.5241730230735377,0.005498537006920046,-0.018939734523797602,0.947253019020171,1.6310209728765341,1.4420572068470028,-2.0448114063912004,6.0606060606060606,C,49.2
AIQ,Global X Artificial Intelligence & Technolog,AI/테크,1.0,66.2300033569336,69.14152647064209,84.5251101865832,0.8179998383677591,0.8600296875361062,1.041482666830792,1.314764275226837,0.03743739346229957,0.012999121931581925,0.9426416359697383,2.0132738963457415,1.1980367690310079,0.3941217696216581,18.181818181818183,C,49.0
IXN,iShares Global Tech ETF,기타,1.0,151.94000244140625,41.56981963340759,54.11982788986206,0.7681070183372593,0.8942559250693503,0.6983987357632727,2.574577770743745,0.08940991691087796,0.06497164538016031,0.9933965705983131,1.9820426464945025,1.2440258603594323,2.000534098567308,36.36363636363637,C,48.9
XLK,State Street Technology Select Sector SPDR E,AI/테크,1.0,199.80999755859375,1406.9958570784759,1379.6944057122296,1.01978804237606,0.886328334070655,1.1388901587315328,2.510610965651099,0.08846755780584648,0.06402928627512883,0.9921545169281335,1.951228110454075,1.2698720617493109,1.8036343858323978,34.84848484848485,C,48.8
GSG,iShares GSCI Commodity-Indexed Trust Fund,원자재/에너지,1.0,35.72999954223633,60.37750916624069,35.553733649835586,1.6982044631624758,1.1331357064144545,1.5604779366782842,-0.468818627260358,0.2367601348942474,0.21232186336352976,0.9579088545057047,1.7976347683644645,1.4491344280773033,-0.4458062138007701,57.57575757575758,C,48.5
DFEM,Dimensional Emerging Markets Core Equity 2 E,국가/신흥,1.0,40.310001373291016,31.68558885297775,34.98793259017944,0.9056147793617104,0.9191025384711224,0.8230338185755255,0.20712701998450375,-0.000743648467610436,-0.025181919998328084,0.9469110092145954,1.6181070003856202,0.9191110050412288,0.1739554967804091,1.5151515151515151,C,47.7
EMXC,iShares MSCI Emerging Markets ex China ETF,국가/신흥,1.0,101.29000091552734,180.63188512367248,193.2276860704422,0.9348136842968877,0.9267859243588831,1.0486874409024258,0.7078634342287013,0.010979124137304952,-0.013459147393412696,0.9455750403139277,2.030739953557815,1.1310977830503388,0.13840769899802208,10.606060606060606,C,47.2
USO,United States Oil Fund,원자재/에너지,1.0,147.3699951171875,992.9905454520416,830.4163434049734,1.195774328550016,1.1367824486041533,1.1499094055112362,-0.6145159206784323,0.41226638497493995,0.3878281134442223,0.9021731840266873,3.5649487818590555,3.0086000549911063,-0.647210073495863,81.81818181818183,C,46.8
VGT,Vanguard Information Tech ETF,기타,1.0,128.32000732421875,501.57445501823423,476.4840152363078,1.05265746379652,0.9293805852181095,1.2450636187808253,2.473011236931187,0.10268973357042999,0.07825146203971234,0.9920371184329703,1.810470786128852,1.2318241009790176,1.7040573721769592,43.93939393939394,C,46.7
FTEC,Fidelity MSCI Information Technology Index E,AI/테크,1.0,306.29998779296875,71.8070152432251,74.9272731733195,0.9583561792929962,0.9248003129177892,1.1299474281479422,2.5153988184756555,0.10175884692494885,0.0773205753942312,0.9922897339015027,1.7891875565504252,1.1978324978932253,1.686470537042295,42.42424242424242,C,46.0
MGK,Vanguard Morningstar Mega Cap Growth ETF,기타,1.0,93.68000030517578,121.90941927585602,112.99168341056824,1.0789238251534334,0.953090571344064,1.3793504515356034,1.8542889921581234,0.0610488088544181,0.036610537323700454,0.993319931399356,1.5155585262081077,1.0110362733795508,0.33200979915908313,25.757575757575758,C,45.7
MAGS,Roundhill Magnificent Seven ETF,기타,1.0,72.58999633789062,300.37408721572876,270.51029561532977,1.1103979851578951,1.0359520131349536,1.1409247039466905,1.4710097037164807,0.09520213751972384,0.07076386598900619,0.988156782501704,1.6256518324761837,1.3173852582500256,-0.06883680090578048,40.909090909090914,C,45.2
BITO,ProShares Bitcoin ETF,크립토,1.0,11.279999732971191,845.6193114125967,1298.4594562595146,0.6512481443576074,1.0107612082443878,0.8737887416905271,1.1672173062257105,0.3055554727713299,0.28111720124061224,0.539558005303462,2.8297921302011337,2.4254881698164032,0.08872470986132086,62.121212121212125,C,44.0
EWT,iShares MSCI Taiwan ETF,국가/신흥,1.0,116.33000183105469,473.1030564547348,510.19778770517985,0.9272934298337641,0.987109560619212,0.8729304631980334,1.8595283507120546,0.08445982540798269,0.060021553877265044,0.9967440899974395,2.10475709563541,1.2386541979448218,1.350412152153968,33.33333333333333,C,43.3
SCHG,Schwab U.S. Large-Cap Growth ETF,기타,1.0,36.34000015258789,295.68938358350755,256.04276099300387,1.1548437551475512,1.0230983858530964,1.2172920854382943,1.708495817585885,0.052418228707735715,0.027979957177018067,0.9947988329302473,1.1920422972848,0.9397443901220326,0.220633852062746,24.242424242424242,C,42.3
RSPT,Invesco S&P 500 Equal Weight Technology ETF,AI/테크,1.0,68.12000274658203,39.240303682746884,37.31248039655686,1.0516669828888654,0.960143601928046,1.6248090162985211,2.503494797694465,0.09149179479459169,0.06705352326387404,0.9953243763382653,1.8832454926433182,1.2078011921575538,2.621279851099212,39.39393939393939,C,42.0
IBB,iShares Biotechnology ETF,바이오/헬스,1.0,205.2899932861328,317.9720644871521,311.3743447948201,1.0211890279421691,0.9858438836019502,1.0395444586357643,-0.4095142847606074,0.051098232821108036,0.026659961290390388,0.9455139918151269,1.8643741232748676,1.7154438639737757,-2.135677596930985,22.727272727272727,C,41.1
HGER,Harbor Commodity All-Weather Strategy ETF,원자재/에너지,1.0,35.290000915527344,50.86452750297546,46.480535526936855,1.0943188783506583,1.0294517163564332,1.4759143705597113,-1.1189954770214792,0.15780844637565572,0.13337017484493807,0.9673794232006168,1.1685640630250456,0.9720847856455883,-0.8707796962943659,53.03030303030303,C,38.9
XLG,Invesco S&P 500 Top 50 ETF,지수/광범위,1.0,64.25,57.35496637182236,63.813668782081606,0.8987881039669544,1.0437131360742606,0.9172745585042927,1.3503519048496777,0.04641691210577381,0.021978640575056163,0.9919716431987484,1.1314525481050235,0.8603149893987361,-0.07776524010048025,21.21212121212121,C,35.5
BBJP,JPMorgan BetaBuilders Japan ETF,국가/신흥,1.0,79.6500015258789,89.61078561210633,104.62726553153992,0.8564764180431833,1.0816367409311423,0.9049168543562897,0.893190390557923,0.03428125329717924,0.00984298176646159,0.9972455087875587,1.4751314027221474,0.9651365926364175,0.8610868616746536,16.666666666666664,C,34.4
FLJP,Franklin FTSE Japan ETF,국가/신흥,1.0,42.0,30.65372111442566,31.813594142742158,0.9635415909591244,1.0913729244835442,1.0334122177209097,0.9333560819782111,0.03143415375552805,0.006995882224810401,0.9978617212577425,1.4266829614909295,0.9390105298534568,0.8161309501517167,15.151515151515152,C,34.1
EWJ,iShares MSCI Japan Index Fund,국가/신흥,1.0,98.91999816894531,390.8976081986618,377.01223486550646,1.0368300337470713,1.0839916967294512,1.429539013437985,0.9887129284154499,0.03831218279091386,0.013873911260196214,0.9969763853248652,1.5012187020682304,1.0071052048581386,1.0109239872198916,19.696969696969695,C,32.7
PDBC,Invesco Optimum Yield Diversified Commodity ,원자재/에너지,1.0,19.440000534057617,116.82506609396934,123.74906286211967,0.9440480872500424,1.1464193388119321,1.2936739548028449,-0.3976660817106088,0.20745342071122308,0.18301514918050543,0.9642857480751957,1.5392107478135615,1.2585106035209126,-0.30768956893529875,54.54545454545454,C,31.0
BCI,abrdn Bloomberg All Commodity Strategy K-1 F,원자재/에너지,1.0,25.8799991607666,39.22688807029724,44.39492253504435,0.883589514979611,1.0235057590247,1.1807360202646615,-1.3414679221043229,0.13858335600390226,0.11414508447318461,0.9642324520728914,1.2277227428217574,0.9911737006106591,-1.6717345712741083,50.0,C,30.1
