ticker,name,yf_sector,industry,close,adr,week_perf,rev_growth,market_cap,avg_vol60,natr50
446540.KQ,메가터치,Technology,Semiconductor Equipment & Materials,11090.0,11.007753196821257,-0.2697841726618688,1.077,322487353344,45.882210625,6.998582866432103
456010.KQ,아이씨티케이,Technology,Semiconductors,24150.0,10.148858186344567,4.772234273318876,1.077,350231756800,119.01387230333333,8.055132813414597
388790.KQ,라이콤,Technology,Communication Equipment,5170.0,9.787937076270303,0.3883495145631022,0.782,157763846144,36.0511120675,9.509939881053416
219130.KQ,타이거일렉,,,95400.0,8.921021895975855,3.9215686274509887,0.7416487660863018,602383253504,40.0421258,6.641671390530053
032580.KQ,피델릭스,,,7620.0,8.818360506530754,-3.7878787878787845,1.7982493877194528,252331704320,50.517270384166665,7.40146532583445
440110.KQ,파두,Technology,Semiconductors,82800.0,8.781112838868088,1.346389228886169,2.09,4139618140160,393.0014704166667,8.44983940134357
203650.KQ,드림시큐리티,Technology,Software - Infrastructure,2755.0,8.648984425372653,1.4732965009208066,0.446,280195858432,109.9863486835,7.764081343593704
319660.KQ,피에스케이,Technology,Semiconductor Equipment & Materials,145100.0,7.681222159296053,-2.289562289562286,0.544,4203070095360,628.8635166833334,8.600435132107197
098120.KQ,마이크로컨텍솔,,,58500.0,7.621105799718952,4.8387096774193505,0.8731320570558005,486296813568,67.03914167666667,5.546605502817509
093370.KS,후성,Basic Materials,Specialty Chemicals,15040.0,7.403988551960627,0.2666666666666595,0.515,1613120143360,479.157812535,7.86781552989964
425420.KQ,티에프이,Technology,Semiconductors,64500.0,7.273275084705544,0.9389671361502261,0.341,792541331456,57.230247866666666,6.57166430536587
265740.KQ,엔에프씨,Consumer Defensive,Household & Personal Products,7680.0,6.806169177780652,2.400000000000002,0.355,137192448000,30.736841709166665,6.442855875897177
272210.KS,한화시스템,Industrials,Aerospace & Defense,76600.0,6.776667208974541,2.1333333333333426,0.455,14323684474880,417.84659285000004,7.622789764463402
389500.KQ,에스비비테크,Technology,Electronic Components,41550.0,6.624466622511083,0.8495145631068013,0.47,276867252224,41.35606985,9.84516605050324
064760.KQ,티씨케이,,,298000.0,6.552974503326725,-2.1346469622331665,0.30546040248346373,3331465936896,176.25231141666666,6.836787399939148
095610.KQ,테스,,,164200.0,6.539996647115864,-2.0870602265951055,0.5070049002938593,3019934531584,683.5768885833334,8.335785513728602
010950.KS,S-Oil,Energy,Oil & Gas Refining & Marketing,168700.0,6.41453101243965,4.329004329004338,0.409,19640161927168,606.3210285,5.25542501523522
170920.KQ,엘티씨,Basic Materials,Specialty Chemicals,41100.0,6.2941196122912935,-0.24271844660194164,1.297,424796127232,108.385226675,9.255894323675271
289080.KQ,SV인베스트먼트,Financial Services,Asset Management,2695.0,6.292105259925074,2.2770398481973375,0.428,162072543232,37.970220229166664,7.0489848399166695
122640.KQ,예스티,Industrials,Specialty Industrial Machinery,32200.0,6.134664574998494,-4.1666666666666625,0.765,670631985152,117.45858448666668,8.000633163488873
066970.KS,엘앤에프,Industrials,Electrical Equipment & Parts,116200.0,6.084939656389432,3.6574487065120342,0.702,4583468302336,540.3001483333334,7.889898645208543
039030.KQ,이오테크닉스,Technology,Semiconductor Equipment & Materials,524000.0,5.727621552537543,0.7692307692307665,0.356,6455444373504,492.05039008333335,6.335589864343838
458870.KQ,씨어스,Healthcare,Medical Devices,25850.0,5.723340224386675,0.7797270955165692,2.567,983844257792,59.31104266666667,9.363070312010272
357780.KQ,솔브레인,Basic Materials,Chemicals,411500.0,5.506622685181051,0.8578431372548989,0.363,3151536848896,116.50082458333333,5.813668728430152
062040.KS,산일전기,Industrials,Electrical Equipment & Parts,222500.0,5.452910412172907,4.705882352941182,0.28,6798509080576,508.8842778166666,6.630500350767653
007340.KS,DN오토모티브,Consumer Cyclical,Auto Parts,49200.0,5.287750510681266,1.0266940451745477,0.373,2546703794176,96.48755708333333,6.094652427891595
189300.KQ,인텔리안테크,,,63000.0,5.144839286322744,-4.977375565610864,0.301195943748096,643938975744,48.11621354166667,9.350826088457847
128940.KS,한미약품,Healthcare,Drug Manufacturers - Specialty & Generic,480500.0,5.144120122235241,-3.707414829659317,0.293,6097117642752,603.6307668333334,6.397178850904655
059120.KQ,아진엑스텍,,,7450.0,5.089739064667964,1.3605442176870763,0.6654257721616628,136409989120,80.98457727166668,7.90648564794542
060370.KQ,LS마린솔루션,,,31900.0,4.87544318040658,-0.9316770186335366,0.4247600470246331,1623486103552,40.047090725,6.499733216427002
028670.KS,팬오션,Industrials,Marine Shipping,6030.0,4.8378274475731065,4.506065857885622,0.479,3223454220288,191.14622497,5.161772538401909
042700.KS,한미반도체,Technology,Semiconductor Equipment & Materials,267000.0,4.616646849098682,4.093567251461994,0.395,25325750714368,1666.77892405,6.754509308360149
090360.KQ,로보스타,Industrials,Specialty Industrial Machinery,75100.0,4.28125959339849,-0.26560424966799445,0.342,732225011712,111.02545293333333,8.52166650130914
010120.KS,LS ELECTRIC,Industrials,Electrical Equipment & Parts,195500.0,4.243866393945894,-4.634146341463419,0.322,29087533891584,1238.5120039,7.1905816119748485
476060.KQ,온코닉테라퓨틱스,Healthcare,Drug Manufacturers - Specialty & Generic,14870.0,4.0696068030045,-3.127035830618896,1.587,675214589952,98.85377654666668,7.454409291806301
454910.KS,두산로보틱스,Industrials,Specialty Industrial Machinery,69000.0,3.988026061270755,0.5830903790087438,2.9,4472578768896,303.4560452833333,7.627321117003366
005935.KS,삼성전자우,Technology,Consumer Electronics,194000.0,3.5341135581981487,-0.6147540983606592,1.3,1280076884738048,7542.265595083333,5.87250120257619
005930.KS,삼성전자,Technology,Consumer Electronics,262000.0,3.1057943990391523,-2.420856610800748,1.3,1720439613161472,58548.39041408333,5.890275138870108
